,CRIM,ZN,INDUS,CHAS,NOX,RM,AGE,DIS,RAD,TAX,PTRATIO,LSTAT,MEDV
0,0.00632,18.0,2.31,0.0,0.5379999999999999,6.575,65.2,4.09,1,296,15.3,4.98,24.0
1,0.02731,0.0,7.07,0.0,0.469,6.421,78.9,4.9671,2,242,17.8,9.14,21.6
2,0.02729,0.0,7.07,0.0,0.469,7.185,61.1,4.9671,2,242,17.8,4.03,34.7
3,0.032369999999999996,0.0,2.18,0.0,0.45799999999999996,6.997999999999999,45.8,6.0622,3,222,18.7,2.94,33.4
4,0.06905,0.0,2.18,0.0,0.45799999999999996,7.147,54.2,6.0622,3,222,18.7,,36.2
5,0.02985,0.0,2.18,0.0,0.45799999999999996,6.43,58.7,6.0622,3,222,18.7,5.21,28.7
6,0.08829,12.5,7.87,,0.524,6.0120000000000005,66.6,5.5605,5,311,15.2,12.43,22.9
7,0.14455,12.5,7.87,0.0,0.524,6.172000000000001,96.1,5.9505,5,311,15.2,19.15,27.1
8,0.21124,12.5,7.87,0.0,0.524,5.631,100.0,6.0821,5,311,15.2,29.93,16.5
9,0.17004,12.5,7.87,,0.524,6.004,85.9,6.5921,5,311,15.2,17.1,18.9
10,0.22489,12.5,7.87,0.0,0.524,6.377000000000001,94.3,6.3467,5,311,15.2,20.45,15.0
11,0.11747,12.5,7.87,0.0,0.524,6.0089999999999995,82.9,6.2267,5,311,15.2,13.27,18.9
12,0.09378,12.5,7.87,0.0,0.524,5.888999999999999,39.0,5.4509,5,311,15.2,15.71,21.7
13,0.62976,0.0,8.14,0.0,0.5379999999999999,5.949,61.8,4.7075,4,307,21.0,8.26,20.4
14,0.6379600000000001,0.0,8.14,,0.5379999999999999,6.096,84.5,4.4619,4,307,21.0,10.26,18.2
15,0.62739,0.0,8.14,0.0,0.5379999999999999,5.834,56.5,4.4986,4,307,21.0,8.47,19.9
16,1.05393,0.0,8.14,0.0,0.5379999999999999,5.935,29.3,4.4986,4,307,21.0,6.58,23.1
17,0.7842,0.0,8.14,0.0,0.5379999999999999,5.99,81.7,4.2579,4,307,21.0,14.67,17.5
18,0.80271,0.0,8.14,0.0,0.5379999999999999,5.456,36.6,3.7965,4,307,21.0,11.69,20.2
19,0.7258,0.0,8.14,0.0,0.5379999999999999,5.727,69.5,3.7965,4,307,21.0,11.28,18.2
20,1.25179,0.0,8.14,0.0,0.5379999999999999,5.57,98.1,3.7979,4,307,21.0,21.02,13.6
21,0.8520399999999999,0.0,8.14,0.0,0.5379999999999999,5.965,89.2,4.0123,4,307,21.0,13.83,19.6
22,1.2324700000000002,0.0,8.14,0.0,0.5379999999999999,6.142,91.7,3.9769,4,307,21.0,18.72,15.2
23,0.9884299999999999,0.0,8.14,0.0,0.5379999999999999,5.813,100.0,4.0952,4,307,21.0,19.88,14.5
24,0.75026,0.0,8.14,0.0,0.5379999999999999,5.9239999999999995,94.1,4.3996,4,307,21.0,16.3,15.6
25,0.84054,0.0,8.14,0.0,0.5379999999999999,5.599,85.7,4.4546,4,307,21.0,16.51,13.9
26,0.67191,0.0,8.14,0.0,0.5379999999999999,5.813,90.3,4.6819999999999995,4,307,21.0,14.81,16.6
27,0.9557700000000001,0.0,8.14,0.0,0.5379999999999999,6.047000000000001,88.8,4.4534,4,307,21.0,17.28,14.8
28,0.77299,0.0,8.14,0.0,0.5379999999999999,6.495,94.4,4.4547,4,307,21.0,12.8,18.4
29,1.00245,0.0,8.14,0.0,0.5379999999999999,6.6739999999999995,87.3,4.239,4,307,21.0,11.98,21.0
30,1.13081,0.0,8.14,0.0,0.5379999999999999,5.712999999999999,94.1,4.2330000000000005,4,307,21.0,22.6,12.7
31,1.3547200000000001,0.0,8.14,0.0,0.5379999999999999,6.072,100.0,4.175,4,307,21.0,13.04,14.5
32,1.38799,0.0,8.14,0.0,0.5379999999999999,5.95,82.0,3.99,4,307,21.0,27.71,13.2
33,1.15172,0.0,8.14,0.0,0.5379999999999999,5.7010000000000005,95.0,3.7872,4,307,21.0,18.35,13.1
34,1.6128200000000001,0.0,8.14,0.0,0.5379999999999999,6.096,96.9,3.7598,4,307,21.0,20.34,13.5
35,0.06417,0.0,5.96,0.0,0.499,5.933,68.2,3.3603,5,279,19.2,,18.9
36,0.09744,0.0,,0.0,0.499,5.841,61.4,3.3779,5,279,19.2,11.41,20.0
37,0.08014,0.0,5.96,0.0,0.499,5.85,41.5,3.9342,5,279,19.2,8.77,21.0
38,0.17505,0.0,5.96,0.0,0.499,5.966,30.2,3.8473,5,279,19.2,10.13,24.7
39,0.027630000000000002,75.0,2.95,0.0,0.428,6.595,21.8,5.4011,3,252,18.3,4.32,30.8
40,0.033589999999999995,75.0,2.95,0.0,0.428,7.024,15.8,5.4011,3,252,18.3,1.98,34.9
41,0.12744,0.0,6.91,0.0,0.44799999999999995,6.77,2.9,5.7209,3,233,17.9,4.84,26.6
42,0.1415,0.0,6.91,0.0,0.44799999999999995,6.169,6.6,5.7209,3,233,17.9,5.81,25.3
43,0.15936,0.0,6.91,,0.44799999999999995,6.211,6.5,5.7209,3,233,17.9,7.44,24.7
44,0.12269000000000001,0.0,6.91,0.0,0.44799999999999995,6.069,40.0,5.7209,3,233,17.9,9.55,21.2
45,0.17142000000000002,0.0,6.91,0.0,0.44799999999999995,5.682,33.8,5.1004,3,233,17.9,10.21,19.3
46,0.18836,0.0,6.91,0.0,0.44799999999999995,5.7860000000000005,33.3,5.1004,3,233,17.9,14.15,20.0
47,0.22926999999999997,0.0,,0.0,0.44799999999999995,6.03,85.5,5.6894,3,233,17.9,18.8,16.6
48,0.25387,0.0,6.91,0.0,0.44799999999999995,5.399,95.3,5.87,3,233,17.9,30.81,14.4
49,0.21977,0.0,6.91,0.0,0.44799999999999995,5.602,62.0,6.0877,3,233,17.9,16.2,19.4
50,0.08872999999999999,21.0,5.64,0.0,0.439,5.962999999999999,45.7,6.8147,4,243,16.8,13.45,19.7
51,0.04337,21.0,,0.0,0.439,6.115,63.0,6.8147,4,243,16.8,9.43,20.5
52,0.0536,21.0,5.64,0.0,0.439,6.511,21.1,6.8147,4,243,16.8,5.28,25.0
53,,21.0,5.64,0.0,0.439,5.997999999999999,21.4,6.8147,4,243,16.8,8.43,23.4
54,0.0136,75.0,4.0,0.0,0.41,5.888,47.6,7.3197,3,469,21.1,14.8,18.9
55,0.01311,90.0,1.22,0.0,0.40299999999999997,7.249,21.9,8.6966,5,226,17.9,4.81,35.4
56,0.02055,85.0,0.74,0.0,0.41,6.382999999999999,35.7,9.1876,2,313,17.3,5.77,24.7
57,0.01432,100.0,1.32,0.0,0.41100000000000003,6.816,40.5,8.3248,5,256,15.1,3.95,31.6
58,0.15445,25.0,5.13,0.0,0.45299999999999996,6.145,29.2,7.8148,8,284,19.7,6.86,23.3
59,0.10328,25.0,5.13,0.0,0.45299999999999996,5.9270000000000005,47.2,6.932,8,284,19.7,9.22,19.6
60,0.14932,25.0,5.13,0.0,0.45299999999999996,5.7410000000000005,66.2,7.2254,8,284,19.7,13.15,18.7
61,0.17171,25.0,5.13,0.0,0.45299999999999996,5.966,93.4,6.8185,8,284,19.7,14.44,16.0
62,0.11027,25.0,5.13,0.0,0.45299999999999996,6.456,67.8,7.2255,8,284,19.7,6.73,22.2
63,0.1265,25.0,5.13,0.0,0.45299999999999996,6.7620000000000005,43.4,7.9809,8,284,19.7,9.5,25.0
64,0.01951,17.5,1.38,0.0,0.4161,7.104,59.5,9.2229,3,216,18.6,8.05,33.0
65,0.03584,80.0,3.37,0.0,0.39799999999999996,6.29,17.8,6.6115,4,337,16.1,4.67,23.5
66,0.043789999999999996,80.0,3.37,0.0,0.39799999999999996,5.787000000000001,31.1,6.6115,4,337,16.1,10.24,19.4
67,0.05789,12.5,6.07,0.0,0.409,5.877999999999999,21.4,6.497999999999999,4,345,18.9,8.1,22.0
68,0.13554000000000002,12.5,6.07,0.0,0.409,5.593999999999999,36.8,6.497999999999999,4,345,18.9,13.09,17.4
69,0.12816,12.5,6.07,0.0,0.409,5.885,33.0,6.497999999999999,4,345,18.9,8.79,20.9
70,0.08826,0.0,10.81,0.0,0.413,6.417000000000001,6.6,5.2873,4,305,19.2,6.72,24.2
71,0.15875999999999998,0.0,10.81,0.0,0.413,5.961,17.5,5.2873,4,305,19.2,9.88,21.7
72,0.09164,0.0,10.81,0.0,0.413,6.065,7.8,5.2873,4,305,19.2,5.52,22.8
73,0.19539,0.0,10.81,0.0,0.413,6.245,6.2,5.2873,4,305,19.2,,23.4
74,0.07896,0.0,12.83,0.0,0.43700000000000006,6.273,,4.2515,5,398,18.7,6.78,24.1
75,0.09512000000000001,0.0,12.83,0.0,0.43700000000000006,6.2860000000000005,45.0,4.5026,5,398,18.7,8.94,21.4
76,0.10153,0.0,12.83,0.0,0.43700000000000006,6.279,74.5,4.0522,5,398,18.7,11.97,20.0
77,0.08707000000000001,0.0,12.83,0.0,0.43700000000000006,6.14,45.8,4.0905,5,398,18.7,10.27,20.8
78,0.05646,0.0,12.83,0.0,0.43700000000000006,6.232,53.7,5.0141,5,398,18.7,12.34,21.2
79,0.08387,0.0,12.83,0.0,0.43700000000000006,5.874,36.6,4.5026,5,398,18.7,,20.3
80,0.04113,25.0,4.86,0.0,0.426,6.727,33.5,5.4007,4,281,19.0,5.29,28.0
81,0.04462,25.0,4.86,0.0,0.426,6.619,70.4,5.4007,4,281,19.0,7.22,23.9
82,0.03659,25.0,4.86,0.0,0.426,6.3020000000000005,32.2,5.4007,4,281,19.0,6.72,24.8
83,0.03551,25.0,4.86,0.0,0.426,6.167000000000001,46.7,5.4007,4,281,19.0,7.51,22.9
84,0.050589999999999996,0.0,4.49,0.0,0.449,6.388999999999999,48.0,4.7794,3,247,18.5,9.62,23.9
85,0.05735,0.0,4.49,0.0,0.449,6.63,56.1,4.4377,3,247,18.5,6.53,26.6
86,0.051879999999999996,0.0,4.49,0.0,0.449,6.015,45.1,4.4272,3,247,18.5,12.86,22.5
87,0.07151,0.0,4.49,0.0,0.449,6.121,56.8,3.7476,3,247,18.5,,22.2
88,0.0566,0.0,3.41,0.0,0.489,7.007000000000001,86.3,3.4217,2,270,17.8,5.5,23.6
89,0.053020000000000005,0.0,3.41,0.0,0.489,7.079,63.1,3.4145,2,270,17.8,5.7,28.7
90,0.04684,0.0,3.41,0.0,0.489,6.417000000000001,66.1,3.0923,2,270,17.8,8.81,22.6
91,0.03932,0.0,3.41,0.0,0.489,6.405,73.9,3.0921,2,270,17.8,8.2,22.0
92,0.04203,,15.04,0.0,0.46399999999999997,6.442,53.6,3.6659,4,270,18.2,8.16,22.9
93,0.02875,28.0,15.04,0.0,0.46399999999999997,6.211,28.9,3.6659,4,270,18.2,6.21,25.0
94,0.04294,28.0,15.04,0.0,0.46399999999999997,6.249,77.3,3.615,4,270,18.2,10.59,20.6
95,0.12204000000000001,0.0,2.89,0.0,0.445,6.625,57.8,3.4952,2,276,18.0,6.65,28.4
96,0.11504,0.0,2.89,0.0,0.445,6.162999999999999,69.6,3.4952,2,276,18.0,11.34,21.4
97,0.12082999999999999,0.0,2.89,0.0,0.445,8.068999999999999,76.0,3.4952,2,276,18.0,4.21,38.7
98,0.08187,0.0,2.89,0.0,0.445,7.82,36.9,3.4952,2,276,18.0,3.57,43.8
99,0.0686,0.0,2.89,0.0,0.445,7.416,62.5,3.4952,2,276,18.0,6.19,33.2
100,0.14866,0.0,8.56,0.0,0.52,6.727,79.9,2.7778,5,384,20.9,9.42,27.5
101,0.11432,0.0,8.56,0.0,0.52,6.781000000000001,71.3,2.8561,5,384,20.9,7.67,26.5
102,0.22876,0.0,8.56,0.0,0.52,6.405,85.4,2.7147,5,384,20.9,10.63,18.6
103,0.21161,0.0,8.56,0.0,0.52,6.1370000000000005,,2.7147,5,384,20.9,13.44,19.3
104,0.1396,0.0,8.56,0.0,0.52,6.167000000000001,90.0,2.421,5,384,20.9,12.33,20.1
105,0.13262000000000002,0.0,8.56,0.0,0.52,5.851,96.7,2.1069,5,384,20.9,16.47,19.5
106,0.1712,0.0,8.56,0.0,0.52,5.836,91.9,2.211,5,384,20.9,18.66,19.5
107,0.13117,0.0,8.56,0.0,0.52,6.127000000000001,85.2,2.1224,5,384,20.9,14.09,20.4
108,0.12802,0.0,8.56,0.0,0.52,6.474,97.1,2.4329,5,384,20.9,12.27,19.8
109,0.26363000000000003,0.0,8.56,0.0,0.52,6.229,91.2,2.5451,5,384,20.9,15.55,19.4
110,0.10793,0.0,8.56,0.0,0.52,6.195,54.4,2.7778,5,384,20.9,13.0,21.7
111,0.10084,0.0,10.01,0.0,0.547,6.715,81.6,2.6775,6,432,17.8,10.16,22.8
112,0.12329000000000001,0.0,10.01,0.0,0.547,5.912999999999999,92.9,2.3534,6,432,17.8,16.21,18.8
113,0.22211999999999998,0.0,10.01,0.0,0.547,6.0920000000000005,95.4,2.548,6,432,17.8,17.09,18.7
114,0.14231,0.0,10.01,0.0,0.547,6.254,84.2,2.2565,6,432,17.8,10.45,18.5
115,,0.0,10.01,0.0,0.547,5.928,88.2,2.4631,6,432,17.8,15.76,18.3
116,0.13158,0.0,10.01,0.0,0.547,6.176,72.5,2.7301,6,432,17.8,,21.2
117,0.15098,0.0,10.01,0.0,0.547,6.021,82.6,2.7474,6,432,17.8,10.3,19.2
118,0.13058,,10.01,0.0,0.547,5.872000000000001,73.1,2.4775,6,432,17.8,15.37,20.4
119,0.14476,0.0,10.01,,0.547,5.731,65.2,2.7592,6,432,17.8,13.61,19.3
120,0.06899,0.0,25.65,0.0,0.581,5.87,69.7,2.2577,2,188,19.1,14.37,22.0
121,0.07165,0.0,25.65,0.0,0.581,6.004,84.1,2.1974,2,188,19.1,14.27,20.3
122,0.09299,0.0,25.65,0.0,0.581,5.961,92.9,2.0869,2,188,19.1,17.93,20.5
123,0.15037999999999999,0.0,,0.0,0.581,5.856,97.0,1.9444,2,188,19.1,25.41,17.3
124,0.09849,0.0,25.65,0.0,0.581,5.879,95.8,2.0063,2,188,19.1,17.58,18.8
125,0.16902,0.0,25.65,0.0,0.581,5.986000000000001,88.4,1.9929,2,188,19.1,14.81,21.4
126,0.38735,0.0,25.65,0.0,0.581,5.6129999999999995,,1.7572,2,188,19.1,27.26,15.7
127,0.25915,0.0,21.89,0.0,0.624,5.693,96.0,1.7883,4,437,21.2,17.19,16.2
128,0.32543,0.0,21.89,0.0,0.624,6.431,98.8,1.8125,4,437,21.2,15.39,18.0
129,0.88125,0.0,21.89,0.0,0.624,5.6370000000000005,94.7,1.9799,4,437,21.2,18.34,14.3
130,0.34006,0.0,21.89,0.0,0.624,6.457999999999999,98.9,2.1185,4,437,21.2,12.6,19.2
131,1.19294,0.0,21.89,0.0,0.624,6.3260000000000005,97.7,2.271,4,437,21.2,12.26,19.6
132,0.59005,0.0,21.89,0.0,0.624,6.372000000000001,97.9,2.3274,4,437,21.2,11.12,23.0
133,0.32982,,,0.0,0.624,5.822,95.4,2.4699,4,437,21.2,15.03,18.4
134,0.9761700000000001,0.0,21.89,0.0,0.624,5.757000000000001,98.4,2.346,4,437,21.2,17.31,15.6
135,0.55778,0.0,21.89,0.0,0.624,6.335,98.2,2.1107,4,437,21.2,16.96,18.1
136,0.32264,0.0,21.89,0.0,0.624,5.942,93.5,1.9669,4,437,21.2,16.9,17.4
137,0.35233000000000003,0.0,21.89,0.0,0.624,6.454,98.4,1.8498,4,437,21.2,14.59,17.1
138,0.2498,0.0,21.89,0.0,0.624,5.857,,1.6686,4,437,21.2,21.32,13.3
139,0.54452,0.0,21.89,0.0,0.624,6.151,97.9,1.6687,4,437,21.2,18.46,17.8
140,0.2909,0.0,21.89,0.0,0.624,6.1739999999999995,93.6,1.6119,4,437,21.2,24.16,14.0
141,1.6286399999999999,0.0,21.89,0.0,0.624,5.019,100.0,1.4394,4,437,21.2,34.41,14.4
142,3.32105,0.0,19.58,1.0,0.871,5.403,100.0,1.3216,5,403,14.7,26.82,13.4
143,4.0974,0.0,19.58,0.0,0.871,5.468,100.0,1.4118,5,403,14.7,26.42,15.6
144,2.7797400000000003,0.0,19.58,0.0,0.871,4.9030000000000005,97.8,1.3459,5,403,14.7,29.29,11.8
145,2.37934,0.0,19.58,0.0,0.871,6.13,100.0,1.4191,5,403,14.7,27.8,13.8
146,2.15505,,19.58,0.0,0.871,5.627999999999999,100.0,1.5166,5,403,14.7,16.65,15.6
147,2.36862,0.0,,0.0,0.871,4.926,95.7,1.4608,5,403,14.7,29.53,14.6
148,2.3309900000000003,0.0,,0.0,0.871,5.186,93.8,1.5296,5,403,14.7,28.32,17.8
149,2.7339700000000002,0.0,19.58,0.0,0.871,5.597,94.9,1.5257,5,403,14.7,21.45,15.4
150,1.6566,0.0,19.58,0.0,0.871,6.122000000000001,,1.618,5,403,14.7,14.1,21.5
151,1.49632,0.0,19.58,0.0,0.871,5.404,100.0,1.5916,5,403,14.7,13.28,19.6
152,1.12658,0.0,19.58,,0.871,5.012,88.0,1.6102,5,403,14.7,12.12,15.3
153,2.14918,0.0,19.58,0.0,0.871,5.709,98.5,1.6232,5,403,14.7,15.79,19.4
154,1.41385,0.0,19.58,1.0,0.871,6.129,96.0,1.7494,5,403,14.7,15.12,17.0
155,3.5350099999999998,0.0,19.58,1.0,0.871,6.152,,1.7455,5,403,14.7,15.02,15.6
156,2.4466799999999997,0.0,19.58,0.0,0.871,5.272,94.0,1.7364,5,403,14.7,16.14,13.1
157,1.22358,,19.58,0.0,0.605,6.943,97.4,1.8773,5,403,14.7,4.59,41.3
158,1.34284,0.0,19.58,0.0,0.605,6.066,100.0,1.7573,5,403,14.7,6.43,24.3
159,1.4250200000000002,0.0,19.58,0.0,0.871,6.51,100.0,1.7659,5,403,14.7,7.39,23.3
160,1.27346,0.0,19.58,1.0,0.605,6.25,92.6,1.7984,5,403,14.7,5.5,27.0
161,1.46336,0.0,19.58,0.0,0.605,7.489,90.8,1.9709,5,403,14.7,1.73,50.0
162,1.8337700000000001,0.0,19.58,1.0,0.605,7.8020000000000005,98.2,2.0407,5,403,14.7,1.92,50.0
163,1.51902,0.0,19.58,1.0,0.605,8.375,,2.162,5,403,14.7,3.32,50.0
164,2.2423599999999997,0.0,19.58,0.0,0.605,5.854,91.8,2.4219999999999997,5,403,14.7,11.64,22.7
165,2.924,0.0,19.58,0.0,0.605,6.101,93.0,2.2834,5,403,14.7,9.81,25.0
166,2.01019,0.0,19.58,0.0,0.605,7.928999999999999,96.2,2.0459,5,403,14.7,3.7,50.0
167,1.8002799999999999,,19.58,0.0,0.605,5.877000000000001,79.2,2.4259,5,403,14.7,12.14,23.8
168,2.3004,0.0,19.58,0.0,0.605,6.319,96.1,2.1,5,403,14.7,11.1,23.8
169,2.4495299999999998,0.0,19.58,0.0,0.605,6.402,95.2,2.2625,5,403,14.7,11.32,22.3
170,1.2074200000000002,0.0,19.58,0.0,0.605,5.875,94.6,2.4259,5,403,14.7,14.43,17.4
171,2.3139,0.0,19.58,0.0,0.605,5.88,97.3,2.3887,5,403,14.7,12.03,19.1
172,0.13914,0.0,4.05,0.0,0.51,5.572,88.5,2.5961,5,296,16.6,14.69,23.1
173,0.09178,0.0,,0.0,0.51,6.416,,2.6463,5,296,16.6,9.04,23.6
174,0.08447,0.0,4.05,0.0,0.51,5.859,68.7,2.7019,5,296,16.6,9.64,22.6
175,0.06663999999999999,0.0,4.05,0.0,0.51,6.546,33.1,3.1323,5,296,16.6,5.33,29.4
176,0.07022,0.0,4.05,0.0,0.51,6.02,47.2,3.5549,5,296,16.6,10.11,23.2
177,0.05425,0.0,,0.0,0.51,6.315,73.4,3.3175,5,296,16.6,6.29,24.6
178,0.06642,0.0,4.05,0.0,0.51,6.86,74.4,2.9153,5,296,16.6,6.92,29.9
179,0.0578,0.0,2.46,0.0,0.488,6.98,58.4,2.8289999999999997,3,193,17.8,5.04,37.2
180,0.06588,0.0,2.46,0.0,0.488,7.765,83.3,2.741,3,193,17.8,7.56,39.8
181,0.06888,0.0,2.46,0.0,0.488,6.144,62.2,2.5979,3,193,17.8,9.45,36.2
182,0.09103,0.0,2.46,0.0,0.488,7.155,92.2,2.7006,3,193,17.8,4.82,37.9
183,,0.0,2.46,0.0,0.488,6.563,95.6,2.847,3,193,17.8,5.68,32.5
184,0.08308,0.0,2.46,0.0,0.488,5.604,89.8,2.9879,3,193,17.8,13.98,26.4
185,0.06047,0.0,2.46,0.0,0.488,6.153,68.8,3.2797,3,193,17.8,13.15,29.6
186,0.05602000000000001,,2.46,0.0,0.488,7.831,53.6,3.1992,3,193,17.8,4.45,50.0
187,0.07875,45.0,3.44,0.0,0.43700000000000006,6.782,41.1,3.7886,5,398,15.2,6.68,32.0
188,0.12579,45.0,3.44,0.0,0.43700000000000006,6.556,29.1,4.5667,5,398,15.2,4.56,29.8
189,0.0837,45.0,3.44,0.0,0.43700000000000006,7.185,38.9,4.5667,5,398,15.2,5.39,34.9
190,0.09068,45.0,3.44,0.0,0.43700000000000006,6.9510000000000005,21.5,6.4798,5,398,15.2,5.1,37.0
191,,45.0,3.44,0.0,0.43700000000000006,6.739,30.8,6.4798,5,398,15.2,4.69,30.5
192,,45.0,3.44,0.0,0.43700000000000006,7.178,26.3,6.4798,5,398,15.2,2.87,36.4
193,0.02187,60.0,2.93,0.0,0.401,6.8,,6.2196,1,265,15.6,5.03,31.1
194,0.01439,60.0,2.93,0.0,0.401,6.604,18.8,6.2196,1,265,15.6,4.38,29.1
195,0.01381,80.0,0.46,0.0,0.42200000000000004,7.875,32.0,5.6484,4,255,14.4,2.97,50.0
196,,80.0,1.52,0.0,0.40399999999999997,7.287000000000001,34.1,7.309,2,329,12.6,4.08,33.3
197,0.04666,80.0,1.52,0.0,0.40399999999999997,7.107,36.6,7.309,2,329,12.6,8.61,30.3
198,0.03768,80.0,1.52,0.0,0.40399999999999997,7.274,38.3,7.309,2,329,12.6,6.62,34.6
199,0.0315,95.0,1.47,0.0,0.40299999999999997,6.975,15.3,7.6534,3,402,17.0,4.56,34.9
200,0.01778,95.0,1.47,0.0,0.40299999999999997,7.135,13.9,7.6534,3,402,17.0,4.45,32.9
201,0.03445,82.5,2.03,0.0,0.415,6.162000000000001,38.4,6.27,2,348,14.7,7.43,24.1
202,0.021769999999999998,82.5,2.03,0.0,0.415,7.61,15.7,6.27,2,348,14.7,3.11,42.3
203,0.0351,95.0,2.68,0.0,0.4161,7.853,33.2,5.118,4,224,14.7,3.81,48.5
204,0.02009,95.0,2.68,0.0,0.4161,8.033999999999999,31.9,5.118,4,224,14.7,2.88,50.0
205,0.13642,,10.59,0.0,0.489,5.891,22.3,3.9454,4,277,18.6,10.87,22.6
206,0.22969,0.0,10.59,,0.489,6.3260000000000005,52.5,4.3549,4,277,18.6,10.97,24.4
207,0.25199,0.0,10.59,0.0,0.489,5.7829999999999995,72.7,4.3549,4,277,18.6,,22.5
208,0.13587,0.0,10.59,1.0,0.489,6.064,59.1,4.2392,4,277,18.6,14.66,24.4
209,0.43571000000000004,0.0,10.59,1.0,0.489,5.343999999999999,100.0,3.875,4,277,18.6,23.09,20.0
210,0.17446,,10.59,1.0,0.489,5.96,92.1,3.8771,4,277,18.6,17.27,21.7
211,0.37578,0.0,10.59,1.0,0.489,5.404,88.6,3.665,4,277,18.6,23.98,19.3
212,0.21719000000000002,0.0,10.59,1.0,0.489,5.807,53.8,3.6526,4,277,18.6,16.03,22.4
213,0.14052,0.0,10.59,0.0,0.489,6.375,32.3,3.9454,4,277,18.6,9.38,28.1
214,0.28955,0.0,10.59,0.0,0.489,5.412000000000001,9.8,3.5875,4,277,18.6,29.55,23.7
215,0.19802,0.0,10.59,0.0,0.489,6.182,,3.9454,4,277,18.6,9.47,25.0
216,0.0456,0.0,13.89,1.0,0.55,5.888,56.0,3.1121,5,276,16.4,13.51,23.3
217,0.07013,0.0,13.89,0.0,0.55,6.642,85.1,3.4211,5,276,16.4,9.69,28.7
218,0.11069000000000001,0.0,13.89,1.0,0.55,5.9510000000000005,93.8,2.8893,5,276,16.4,17.92,21.5
219,0.11425,0.0,,1.0,0.55,6.372999999999999,92.4,3.3633,5,276,16.4,10.5,23.0
220,0.35809,0.0,6.2,1.0,0.507,6.9510000000000005,88.5,2.8617,8,307,17.4,9.71,26.7
221,0.40771,0.0,6.2,1.0,0.507,6.164,91.3,3.048,8,307,17.4,21.46,21.7
222,0.62356,0.0,6.2,1.0,0.507,6.879,77.7,3.2721,8,307,17.4,9.93,27.5
223,0.6147,0.0,6.2,0.0,0.507,6.617999999999999,80.8,3.2721,8,307,17.4,7.6,30.1
224,0.31533,0.0,6.2,0.0,0.504,8.266,78.3,2.8944,8,307,17.4,4.14,44.8
225,0.52693,0.0,6.2,0.0,0.504,8.725,83.0,2.8944,8,307,17.4,4.63,50.0
226,0.38214000000000004,0.0,6.2,0.0,0.504,8.04,86.5,3.2157,8,307,17.4,,37.6
227,0.41238,0.0,6.2,0.0,0.504,7.162999999999999,79.9,3.2157,8,307,17.4,6.36,31.6
228,0.29819,0.0,6.2,0.0,0.504,7.686,17.0,3.3751,8,307,17.4,,46.7
229,,0.0,6.2,0.0,0.504,6.5520000000000005,21.4,3.3751,8,307,17.4,3.76,31.5
230,0.537,0.0,6.2,0.0,0.504,5.981,68.1,3.6715,8,307,17.4,11.65,24.3
231,0.46296000000000004,0.0,6.2,0.0,0.504,7.412000000000001,76.9,3.6715,8,307,17.4,5.25,31.7
232,0.57529,0.0,6.2,0.0,0.507,8.337,73.3,3.8384,8,307,17.4,2.47,41.7
233,0.33147,0.0,6.2,0.0,0.507,8.247,,3.6519,8,307,17.4,3.95,48.3
234,0.44791000000000003,0.0,6.2,1.0,0.507,6.726,66.5,3.6519,8,307,17.4,8.05,29.0
235,0.33045,0.0,6.2,0.0,0.507,6.086,61.5,3.6519,8,307,17.4,10.88,24.0
236,,0.0,6.2,1.0,0.507,6.631,76.5,4.148,8,307,17.4,9.54,25.1
237,0.51183,0.0,6.2,0.0,0.507,7.358,71.6,4.148,8,307,17.4,4.73,31.5
238,0.08244,,4.93,0.0,0.428,6.481,18.5,6.1899,6,300,16.6,6.36,23.7
239,0.09252,30.0,4.93,0.0,0.428,6.606,42.2,6.1899,6,300,16.6,7.37,23.3
240,0.11329000000000002,30.0,4.93,,0.428,6.897,54.3,6.3361,6,300,16.6,11.38,22.0
241,,30.0,4.93,0.0,0.428,6.095,65.1,6.3361,6,300,16.6,12.4,20.1
242,0.1029,30.0,4.93,0.0,0.428,6.358,52.9,7.0355,6,300,16.6,11.22,22.2
243,0.12757000000000002,30.0,4.93,0.0,0.428,6.393,7.8,7.0355,6,300,16.6,5.19,23.7
244,0.20608,22.0,5.86,0.0,0.431,5.593,76.5,7.9549,7,330,19.1,12.5,17.6
245,0.19133,22.0,,,0.431,5.605,70.2,7.9549,7,330,19.1,18.46,18.5
246,0.33983,22.0,5.86,0.0,0.431,6.108,34.9,8.0555,7,330,19.1,9.16,24.3
247,0.19657,22.0,5.86,0.0,0.431,6.226,79.2,8.0555,7,330,19.1,10.15,20.5
248,0.16439,22.0,5.86,0.0,0.431,6.433,49.1,7.8265,7,330,19.1,9.52,24.5
249,0.19072999999999998,22.0,5.86,0.0,0.431,6.718,17.5,7.8265,7,330,19.1,6.56,26.2
250,0.1403,22.0,5.86,0.0,0.431,6.487,13.0,7.3967,7,330,19.1,5.9,24.4
251,0.21409,22.0,5.86,0.0,0.431,6.438,8.9,7.3967,7,330,19.1,3.59,24.8
252,0.08221,22.0,5.86,0.0,0.431,6.957000000000001,6.8,8.9067,7,330,19.1,3.53,29.6
253,0.36894,22.0,5.86,0.0,0.431,8.259,8.4,8.9067,7,330,19.1,3.54,42.8
254,0.04819,80.0,3.64,,0.392,6.108,32.0,9.2203,1,315,16.4,6.57,21.9
255,0.035480000000000005,80.0,3.64,0.0,0.392,5.876,19.1,9.2203,1,315,16.4,9.25,20.9
256,0.015380000000000001,90.0,3.75,0.0,0.39399999999999996,7.454,34.2,6.3361,3,244,15.9,3.11,44.0
257,0.61154,20.0,3.97,0.0,0.647,8.704,86.9,1.801,5,264,13.0,5.12,50.0
258,0.66351,20.0,3.97,0.0,0.647,7.332999999999999,100.0,1.8946,5,264,13.0,7.79,36.0
259,0.65665,20.0,3.97,0.0,0.647,6.8420000000000005,100.0,2.0107,5,264,13.0,6.9,30.1
260,0.5401100000000001,20.0,3.97,0.0,0.647,7.202999999999999,81.8,2.1121,5,264,13.0,9.59,33.8
261,0.5341199999999999,20.0,3.97,0.0,0.647,7.52,89.4,2.1398,5,264,13.0,7.26,43.1
262,,20.0,3.97,0.0,0.647,8.398,91.5,2.2885,5,264,13.0,5.91,48.8
263,0.82526,20.0,3.97,0.0,0.647,7.327000000000001,94.5,2.0788,5,264,13.0,11.25,31.0
264,0.55007,20.0,3.97,0.0,0.647,7.206,91.6,1.9301,5,264,13.0,8.1,36.5
265,0.76162,20.0,3.97,0.0,0.647,5.56,62.8,1.9865,5,264,13.0,10.45,22.8
266,0.7857,,3.97,0.0,0.647,7.013999999999999,84.6,2.1329,5,264,13.0,14.79,30.7
267,0.57834,20.0,3.97,0.0,0.575,8.297,67.0,2.4216,5,264,13.0,7.44,50.0
268,0.5405,20.0,3.97,0.0,0.575,7.47,52.6,2.872,5,264,13.0,3.16,43.5
269,0.09065,20.0,6.96,1.0,0.46399999999999997,5.92,61.5,3.9175,3,223,18.6,13.65,20.7
270,0.29916,20.0,6.96,0.0,0.46399999999999997,5.856,42.1,4.428999999999999,3,223,18.6,13.0,21.1
271,0.16211,20.0,6.96,0.0,0.46399999999999997,6.24,16.3,4.428999999999999,3,223,18.6,,25.2
272,0.1146,20.0,6.96,0.0,0.46399999999999997,6.537999999999999,58.7,3.9175,3,223,18.6,7.73,24.4
273,0.22188000000000002,20.0,6.96,1.0,0.46399999999999997,7.691,51.8,4.3665,3,223,18.6,6.58,35.2
274,0.05644,40.0,6.41,1.0,0.447,6.757999999999999,32.9,4.0776,4,254,17.6,3.53,32.4
275,0.09604,40.0,6.41,0.0,0.447,6.854,42.8,4.2673,4,254,17.6,2.98,32.0
276,0.10469,40.0,6.41,1.0,0.447,7.267,49.0,4.7872,4,254,17.6,6.05,33.2
277,0.061270000000000005,40.0,6.41,1.0,0.447,6.8260000000000005,27.6,4.8628,4,254,17.6,,33.1
278,0.07977999999999999,40.0,6.41,0.0,0.447,6.482,32.1,4.1403,4,254,17.6,7.19,29.1
279,0.21038,20.0,3.33,0.0,0.4429,6.812,32.2,4.1007,5,216,14.9,4.85,35.1
280,0.03578,20.0,3.33,0.0,0.4429,7.82,64.5,4.6947,5,216,14.9,3.76,45.4
281,0.03705,20.0,3.33,0.0,0.4429,6.968,,5.2447,5,216,14.9,4.59,35.4
282,0.06129,20.0,3.33,1.0,0.4429,7.645,49.7,5.2119,5,216,14.9,3.01,46.0
283,0.015009999999999999,90.0,1.21,1.0,0.401,7.922999999999999,24.8,5.885,1,198,13.6,3.16,50.0
284,0.009059999999999999,90.0,2.97,0.0,0.4,7.087999999999999,20.8,7.3073,1,285,15.3,7.85,32.2
285,0.01096,55.0,2.25,0.0,0.389,6.452999999999999,31.9,7.3073,1,300,15.3,8.23,22.0
286,0.01965,80.0,1.76,0.0,0.385,6.23,,9.0892,1,241,18.2,12.93,20.1
287,0.03871,52.5,5.32,0.0,0.405,6.209,31.3,7.3172,6,293,16.6,7.14,23.2
288,,52.5,5.32,0.0,0.405,6.315,45.6,7.3172,6,293,16.6,7.6,22.3
289,0.04297,52.5,5.32,0.0,0.405,6.565,22.9,7.3172,6,293,16.6,9.51,24.8
290,0.035019999999999996,80.0,4.95,0.0,0.41100000000000003,6.861000000000001,27.9,5.1167,4,245,19.2,3.33,28.5
291,0.07886,80.0,4.95,0.0,0.41100000000000003,7.148,27.7,5.1167,4,245,19.2,3.56,37.3
292,0.03615,80.0,,0.0,0.41100000000000003,6.63,23.4,5.1167,4,245,19.2,4.7,27.9
293,0.08265,0.0,13.92,0.0,0.43700000000000006,6.127000000000001,18.4,5.5027,4,289,16.0,8.58,23.9
294,0.08199,0.0,13.92,,0.43700000000000006,6.0089999999999995,42.3,5.5027,4,289,16.0,10.4,21.7
295,0.12932000000000002,0.0,13.92,0.0,0.43700000000000006,6.678,31.1,5.9604,4,289,16.0,6.27,28.6
296,0.053720000000000004,0.0,13.92,0.0,0.43700000000000006,6.5489999999999995,51.0,5.9604,4,289,16.0,7.39,27.1
297,0.14103,0.0,,0.0,0.43700000000000006,5.79,58.0,6.32,4,289,16.0,15.84,20.3
298,0.06466000000000001,70.0,2.24,0.0,0.4,6.345,20.1,7.8278,5,358,14.8,4.97,22.5
299,0.05561,70.0,2.24,0.0,0.4,7.041,10.0,7.8278,5,358,14.8,4.74,29.0
300,0.04417,70.0,2.24,0.0,0.4,6.871,47.4,7.8278,5,358,14.8,6.07,24.8
301,0.03537,,6.09,0.0,0.433,6.59,40.4,5.4917,7,329,16.1,9.5,22.0
302,,34.0,6.09,0.0,0.433,6.495,18.4,5.4917,7,329,16.1,8.67,26.4
303,0.1,,6.09,0.0,0.433,6.982,17.7,5.4917,7,329,16.1,4.86,33.1
304,0.05515,33.0,2.18,0.0,0.47200000000000003,7.236000000000001,41.1,4.022,7,222,18.4,6.93,36.1
305,0.05479,33.0,,0.0,0.47200000000000003,6.6160000000000005,58.1,3.37,7,222,18.4,8.93,28.4
306,0.07503,33.0,2.18,0.0,0.47200000000000003,7.42,71.9,3.0992,7,222,18.4,6.47,33.4
307,0.049319999999999996,33.0,2.18,0.0,0.47200000000000003,6.849,70.3,3.1827,7,222,18.4,7.53,28.2
308,0.49298000000000003,0.0,9.9,0.0,0.544,6.635,82.5,3.3175,4,304,18.4,4.54,22.8
309,0.3494,0.0,9.9,0.0,0.544,5.972,76.7,3.1025,4,304,18.4,9.97,20.3
310,2.63548,0.0,9.9,0.0,0.544,4.973,37.8,2.5194,4,304,18.4,12.64,16.1
311,0.7904100000000001,0.0,9.9,0.0,0.544,6.122000000000001,52.8,2.6403,4,304,18.4,5.98,22.1
312,0.26169000000000003,0.0,9.9,0.0,0.544,6.023,90.4,2.8339999999999996,4,304,18.4,11.72,19.4
313,0.26938,0.0,9.9,0.0,0.544,6.266,82.8,3.2628,4,304,18.4,7.9,21.6
314,0.3692,0.0,9.9,0.0,0.544,6.567,87.3,3.6023,4,304,18.4,9.28,23.8
315,0.25356,0.0,9.9,0.0,0.544,5.705,77.7,3.945,4,304,18.4,11.5,16.2
316,0.31827,0.0,9.9,0.0,0.544,5.914,,3.9986,4,304,18.4,18.33,17.8
317,0.24522,0.0,9.9,0.0,0.544,5.782,71.7,4.0317,4,304,18.4,15.94,19.8
318,0.40202,0.0,9.9,0.0,0.544,6.382000000000001,67.2,3.5325,4,304,18.4,10.36,23.1
319,0.47547,0.0,9.9,0.0,0.544,6.1129999999999995,58.8,4.0019,4,304,18.4,12.73,21.0
320,0.1676,0.0,7.38,0.0,0.493,6.426,52.3,4.5404,5,287,19.6,7.2,23.8
321,0.18159,0.0,7.38,0.0,0.493,6.376,54.3,4.5404,5,287,19.6,6.87,23.1
322,0.35114,0.0,7.38,0.0,0.493,6.041,49.9,4.7211,5,287,19.6,7.7,20.4
323,0.28392,0.0,7.38,0.0,0.493,5.707999999999999,74.3,4.7211,5,287,19.6,11.74,18.5
324,0.34109,0.0,7.38,0.0,0.493,6.415,40.1,4.7211,5,287,19.6,6.12,25.0
325,0.19186,0.0,7.38,0.0,0.493,6.431,14.7,5.4159,5,287,19.6,5.08,24.6
326,0.30346999999999996,0.0,7.38,0.0,0.493,6.312,28.9,5.4159,5,287,19.6,6.15,23.0
327,0.24103000000000002,0.0,7.38,0.0,0.493,6.082999999999999,43.7,5.4159,5,287,19.6,12.79,22.2
328,0.06617,0.0,3.24,0.0,0.46,5.867999999999999,25.8,5.2146,4,430,16.9,9.97,19.3
329,0.06724,0.0,3.24,0.0,0.46,6.332999999999999,17.2,5.2146,4,430,16.9,7.34,22.6
330,0.045439999999999994,,3.24,0.0,0.46,6.144,32.2,5.8736,4,430,16.9,9.09,19.8
331,0.050230000000000004,35.0,6.06,0.0,0.4379,5.706,28.4,6.6407,1,304,16.9,12.43,17.1
332,0.03466,,6.06,0.0,0.4379,6.031000000000001,23.3,6.6407,1,304,16.9,7.83,19.4
333,0.05083,0.0,5.19,0.0,0.515,6.316,38.1,6.4584,5,224,20.2,5.68,22.2
334,0.037380000000000004,0.0,5.19,0.0,0.515,6.31,38.5,6.4584,5,224,20.2,6.75,20.7
335,0.03961,0.0,5.19,0.0,0.515,6.037000000000001,34.5,5.9853,5,224,20.2,8.01,21.1
336,0.03427,0.0,5.19,0.0,0.515,5.869,46.3,5.2311,5,224,20.2,9.8,19.5
337,0.030410000000000003,0.0,5.19,0.0,0.515,5.895,59.6,5.615,5,224,20.2,10.56,18.5
338,0.03306,0.0,5.19,0.0,0.515,6.059,37.3,4.8122,5,224,20.2,8.51,20.6
339,0.054970000000000005,0.0,5.19,0.0,0.515,5.985,45.4,4.8122,5,224,20.2,9.74,19.0
340,0.06151,0.0,5.19,0.0,0.515,5.968,58.5,4.8122,5,224,20.2,9.29,18.7
341,0.013009999999999999,35.0,1.52,0.0,0.442,7.2410000000000005,49.3,7.0379,1,284,15.5,5.49,32.7
342,0.024980000000000002,0.0,1.89,0.0,0.518,6.54,59.7,6.2669,1,422,15.9,8.65,16.5
343,0.02543,55.0,3.78,0.0,0.484,6.696000000000001,56.4,5.7321,5,370,17.6,7.18,23.9
344,0.030489999999999996,55.0,,0.0,0.484,6.874,28.1,6.4654,5,370,17.6,4.61,31.2
345,0.03113,0.0,4.39,0.0,0.442,6.013999999999999,48.5,8.0136,3,352,18.8,10.53,17.5
346,0.06162,0.0,4.39,0.0,0.442,5.898,52.3,8.0136,3,352,18.8,12.67,17.2
347,0.0187,85.0,4.15,0.0,0.429,6.516,27.7,8.5353,4,351,17.9,6.36,23.1
348,0.015009999999999999,80.0,2.01,0.0,0.435,6.635,29.7,8.344,4,280,17.0,5.99,24.5
349,0.02899,40.0,1.25,0.0,0.429,6.939,34.5,8.7921,1,335,19.7,,26.6
350,0.062110000000000005,,1.25,0.0,0.429,6.49,44.4,8.7921,1,335,19.7,,22.9
351,0.0795,60.0,1.69,0.0,0.41100000000000003,6.579,35.9,10.7103,4,411,18.3,5.49,24.1
352,0.07244,60.0,1.69,0.0,0.41100000000000003,5.8839999999999995,18.5,10.7103,4,411,18.3,7.79,18.6
353,0.01709,90.0,2.02,0.0,0.41,6.728,36.1,12.1265,5,187,17.0,4.5,30.1
354,0.04301,80.0,1.91,0.0,0.413,5.662999999999999,21.9,10.5857,4,334,22.0,8.05,18.2
355,0.10659,,1.91,0.0,0.413,5.936,,10.5857,4,334,22.0,5.57,20.6
356,8.98296,0.0,18.1,1.0,0.77,6.212000000000001,97.4,2.1222,24,666,20.2,17.6,17.8
357,3.8497,0.0,18.1,1.0,0.77,6.395,91.0,2.5052,24,666,20.2,13.27,21.7
358,5.20177,0.0,18.1,1.0,0.77,6.127000000000001,83.4,2.7227,24,666,20.2,11.48,22.7
359,4.26131,0.0,,0.0,0.77,6.112,81.3,2.5091,24,666,20.2,12.67,22.6
360,4.541919999999999,0.0,18.1,0.0,0.77,6.398,88.0,2.5182,24,666,20.2,7.79,25.0
361,3.83684,0.0,18.1,0.0,0.77,6.251,91.1,2.2955,24,666,20.2,14.19,19.9
362,3.6782199999999996,0.0,18.1,0.0,0.77,5.362,96.2,2.1036,24,666,20.2,10.19,20.8
363,4.22239,0.0,18.1,1.0,0.77,5.803,89.0,1.9047,24,666,20.2,14.64,16.8
364,3.4742800000000003,0.0,18.1,1.0,0.718,8.78,82.9,1.9047,24,666,20.2,5.29,21.9
365,4.55587,0.0,18.1,0.0,0.718,3.5610000000000004,87.9,1.6132,24,666,20.2,7.12,27.5
366,3.69695,0.0,18.1,0.0,0.718,4.963,91.4,1.7523,24,666,20.2,14.0,21.9
367,13.5222,0.0,18.1,,0.631,3.863,100.0,1.5106,24,666,20.2,13.33,23.1
368,4.898219999999999,0.0,18.1,0.0,0.631,4.97,,1.3325,24,666,20.2,3.26,50.0
369,,0.0,18.1,1.0,0.631,6.683,96.8,1.3567,24,666,20.2,3.73,50.0
370,6.53876,0.0,18.1,1.0,0.631,7.016,97.5,1.2024,24,666,20.2,2.96,50.0
371,9.2323,0.0,18.1,0.0,0.631,6.216,100.0,1.1691,24,666,20.2,9.53,50.0
372,8.26725,0.0,18.1,1.0,0.6679999999999999,5.875,89.6,1.1296,24,666,20.2,8.88,50.0
373,11.1081,0.0,18.1,0.0,0.6679999999999999,4.906000000000001,100.0,1.1742,24,666,20.2,34.77,13.8
374,18.4982,0.0,18.1,0.0,0.6679999999999999,4.138,100.0,1.137,24,666,20.2,37.97,13.8
375,19.6091,,18.1,0.0,0.6709999999999999,7.313,97.9,1.3163,24,666,20.2,13.44,15.0
376,15.288,0.0,18.1,,0.6709999999999999,6.649,93.3,1.3449,24,666,20.2,,13.9
377,9.82349,0.0,18.1,0.0,0.6709999999999999,6.794,98.8,1.358,24,666,20.2,21.24,13.3
378,23.6482,0.0,18.1,0.0,0.6709999999999999,6.38,96.2,1.3861,24,666,20.2,23.69,13.1
379,17.8667,0.0,18.1,0.0,0.6709999999999999,6.223,100.0,1.3861,24,666,20.2,21.78,10.2
380,88.9762,0.0,18.1,0.0,0.6709999999999999,6.968,91.9,1.4165,24,666,20.2,17.21,10.4
381,15.8744,0.0,18.1,0.0,0.6709999999999999,6.545,99.1,1.5192,24,666,20.2,21.08,10.9
382,9.18702,0.0,18.1,0.0,0.7,5.5360000000000005,100.0,1.5804,24,666,20.2,23.6,11.3
383,7.9924800000000005,0.0,18.1,0.0,0.7,5.52,100.0,1.5331,24,666,20.2,,12.3
384,20.0849,0.0,18.1,0.0,0.7,4.368,91.2,1.4395,24,666,20.2,30.63,8.8
385,16.8118,0.0,18.1,0.0,0.7,5.277,98.1,1.4261,24,666,20.2,30.81,7.2
386,24.3938,0.0,18.1,0.0,0.7,4.652,100.0,1.4672,24,666,20.2,28.28,10.5
387,22.5971,0.0,18.1,0.0,0.7,5.0,89.5,1.5184,24,666,20.2,31.99,7.4
388,14.3337,0.0,18.1,,0.7,4.88,100.0,1.5895,24,666,20.2,30.62,10.2
389,8.15174,0.0,18.1,0.0,0.7,5.39,98.9,1.7281,24,666,20.2,20.85,11.5
390,6.96215,0.0,18.1,0.0,0.7,5.712999999999999,97.0,1.9265,24,666,20.2,17.11,15.1
391,5.29305,0.0,18.1,0.0,0.7,6.051,82.5,2.1678,24,666,20.2,18.76,23.2
392,11.5779,0.0,18.1,0.0,0.7,5.0360000000000005,97.0,1.77,24,666,20.2,25.68,9.7
393,,0.0,18.1,0.0,0.693,6.193,92.6,1.7912,24,666,20.2,15.17,13.8
394,,0.0,18.1,0.0,0.693,5.8870000000000005,94.7,1.7821,24,666,20.2,16.35,12.7
395,8.71675,0.0,18.1,0.0,0.693,6.471,98.8,1.7257,24,666,20.2,17.12,13.1
396,5.87205,0.0,18.1,0.0,0.693,6.405,96.0,1.6768,24,666,20.2,19.37,12.5
397,7.67202,0.0,18.1,0.0,0.693,5.747000000000001,98.9,1.6334,24,666,20.2,19.92,8.5
398,38.3518,0.0,18.1,0.0,0.693,5.452999999999999,100.0,1.4896,24,666,20.2,30.59,5.0
399,9.91655,0.0,18.1,0.0,0.693,5.852,77.8,1.5004,24,666,20.2,29.97,6.3
400,25.0461,0.0,18.1,0.0,0.693,5.987,100.0,1.5888,24,666,20.2,26.77,5.6
401,14.2362,0.0,18.1,,0.693,6.343,100.0,1.5741,24,666,20.2,20.32,7.2
402,9.59571,0.0,18.1,0.0,0.693,6.404,100.0,1.639,24,666,20.2,20.31,12.1
403,24.8017,0.0,18.1,0.0,0.693,5.349,96.0,1.7028,24,666,20.2,19.77,8.3
404,41.5292,0.0,18.1,0.0,0.693,5.531000000000001,85.4,1.6074,24,666,20.2,27.38,8.5
405,67.9208,0.0,18.1,0.0,0.693,5.683,100.0,1.4254,24,666,20.2,22.98,5.0
406,20.7162,0.0,,0.0,0.659,4.138,100.0,1.1781,24,666,20.2,23.34,11.9
407,11.9511,0.0,18.1,0.0,0.659,5.608,100.0,1.2852,24,666,20.2,,27.9
408,7.40389,0.0,18.1,0.0,0.597,5.617000000000001,97.9,1.4547,24,666,20.2,26.4,17.2
409,,0.0,18.1,0.0,0.597,6.852,100.0,1.4655,24,666,20.2,19.78,27.5
410,51.1358,0.0,18.1,0.0,0.597,5.757000000000001,100.0,1.413,24,666,20.2,10.11,15.0
411,14.0507,0.0,18.1,0.0,0.597,6.657,100.0,1.5275,24,666,20.2,21.22,17.2
412,18.811,0.0,18.1,0.0,0.597,4.628,100.0,1.5539,24,666,20.2,34.37,17.9
413,28.6558,0.0,18.1,0.0,0.597,5.155,100.0,1.5894,24,666,20.2,20.08,16.3
414,45.7461,0.0,18.1,0.0,0.693,4.519,100.0,1.6582,24,666,20.2,36.98,7.0
415,18.0846,0.0,18.1,0.0,0.679,6.434,100.0,1.8347,24,666,20.2,29.05,7.2
416,10.8342,0.0,18.1,0.0,0.679,6.782,90.8,1.8195,24,666,20.2,25.79,7.5
417,25.9406,0.0,18.1,0.0,0.679,5.303999999999999,89.1,1.6475,24,666,20.2,26.64,10.4
418,73.5341,0.0,18.1,0.0,0.679,5.957000000000001,100.0,1.8026,24,666,20.2,20.62,8.8
419,11.8123,0.0,18.1,0.0,0.718,6.824,76.5,1.794,24,666,20.2,22.74,8.4
420,11.0874,0.0,18.1,0.0,0.718,6.4110000000000005,100.0,1.8589,24,666,20.2,15.02,16.7
421,7.022589999999999,0.0,18.1,0.0,0.718,6.006,95.3,1.8746,24,666,20.2,15.7,14.2
422,12.0482,0.0,18.1,0.0,0.614,5.648,87.6,1.9512,24,666,20.2,14.1,20.8
423,7.05042,0.0,18.1,0.0,0.614,6.103,,2.0218,24,666,20.2,23.29,13.4
424,8.792119999999999,0.0,18.1,0.0,0.584,5.565,70.6,2.0635,24,666,20.2,17.16,11.7
425,15.8603,0.0,18.1,0.0,0.679,5.896,95.4,1.9096,24,666,20.2,24.39,8.3
426,,0.0,18.1,0.0,0.584,5.837000000000001,59.7,1.9976,24,666,20.2,15.69,10.2
427,37.6619,,18.1,0.0,0.679,6.202000000000001,78.7,1.8629,24,666,20.2,14.52,10.9
428,7.36711,0.0,18.1,0.0,0.679,6.193,78.1,1.9356,24,666,20.2,21.52,11.0
429,9.33889,0.0,18.1,0.0,0.679,6.38,,1.9682,24,666,20.2,24.08,9.5
430,,0.0,18.1,0.0,0.584,6.348,86.1,2.0527,24,666,20.2,17.64,14.5
431,10.0623,0.0,18.1,0.0,0.584,6.832999999999999,94.3,2.0882,24,666,20.2,19.69,14.1
432,6.44405,0.0,18.1,0.0,0.584,6.425,74.8,2.2004,24,666,20.2,12.03,16.1
433,5.5810699999999995,0.0,18.1,0.0,0.713,6.436,87.9,2.3158,24,666,20.2,16.22,14.3
434,13.9134,0.0,18.1,0.0,0.713,6.207999999999999,95.0,2.2222,24,666,20.2,15.17,11.7
435,11.1604,0.0,18.1,0.0,0.74,6.629,94.6,2.1247,24,666,20.2,23.27,13.4
436,14.4208,0.0,18.1,0.0,0.74,6.461,93.3,2.0026,24,666,20.2,18.05,9.6
437,15.1772,0.0,18.1,0.0,0.74,6.152,100.0,1.9142,24,666,20.2,26.45,8.7
438,13.6781,0.0,18.1,0.0,0.74,5.935,87.9,1.8206,24,666,20.2,34.02,8.4
439,9.39063,0.0,18.1,0.0,0.74,5.627000000000001,93.9,1.8172,24,666,20.2,22.88,12.8
440,22.0511,0.0,18.1,0.0,0.74,5.818,92.4,1.8662,24,666,20.2,,10.5
441,9.72418,0.0,18.1,0.0,0.74,6.406000000000001,97.2,2.0651,24,666,20.2,,17.1
442,5.66637,0.0,18.1,,0.74,6.218999999999999,100.0,2.0048,24,666,20.2,16.59,18.4
443,9.96654,0.0,18.1,0.0,0.74,6.485,100.0,1.9784,24,666,20.2,18.85,15.4
444,12.8023,0.0,18.1,0.0,0.74,5.854,96.6,1.8956,24,666,20.2,23.79,10.8
445,10.6718,0.0,18.1,0.0,0.74,6.459,94.8,1.9879,24,666,20.2,23.98,11.8
446,6.288069999999999,0.0,18.1,0.0,0.74,6.341,96.4,2.072,24,666,20.2,17.79,14.9
447,9.92485,0.0,18.1,0.0,0.74,6.251,96.6,2.198,24,666,20.2,16.44,12.6
448,9.329089999999999,0.0,18.1,0.0,0.713,6.185,98.7,2.2616,24,666,20.2,18.13,14.1
449,7.52601,0.0,18.1,0.0,0.713,6.417000000000001,98.3,2.185,24,666,20.2,19.31,13.0
450,6.71772,0.0,18.1,,0.713,6.749,92.6,2.3236,24,666,20.2,17.44,13.4
451,5.44114,0.0,18.1,0.0,0.713,6.655,,2.3552,24,666,20.2,17.73,15.2
452,5.09017,0.0,18.1,0.0,0.713,6.297000000000001,91.8,2.3682,24,666,20.2,17.27,16.1
453,8.24809,0.0,,0.0,0.713,7.393,99.3,2.4527,24,666,20.2,16.74,17.8
454,9.513630000000001,0.0,18.1,0.0,0.713,6.728,94.1,2.4961,24,666,20.2,18.71,14.9
455,4.75237,0.0,18.1,0.0,0.713,6.525,86.5,2.4358,24,666,20.2,18.13,14.1
456,4.668830000000001,0.0,18.1,0.0,0.713,5.976,87.9,2.5806,24,666,20.2,19.01,12.7
457,8.20058,0.0,18.1,0.0,0.713,5.936,80.3,2.7792,24,666,20.2,16.94,13.5
458,7.75223,,,0.0,0.713,6.301,83.7,2.7831,24,666,20.2,16.23,14.9
459,6.80117,0.0,18.1,0.0,0.713,6.081,84.4,2.7175,24,666,20.2,14.7,20.0
460,,0.0,18.1,0.0,0.713,6.7010000000000005,90.0,2.5975,24,666,20.2,16.42,16.4
461,3.69311,0.0,18.1,0.0,0.713,6.376,88.4,2.5671,24,666,20.2,14.65,17.7
462,6.65492,0.0,18.1,0.0,0.713,6.317,83.0,2.7344,24,666,20.2,13.99,19.5
463,5.82115,0.0,18.1,0.0,0.713,6.513,89.9,2.8016,24,666,20.2,10.29,20.2
464,7.83932,0.0,18.1,0.0,0.655,6.209,65.4,2.9634,24,666,20.2,13.22,21.4
465,,0.0,18.1,,0.655,5.7589999999999995,48.2,3.0665,24,666,20.2,14.13,19.9
466,3.7749800000000002,0.0,,0.0,0.655,5.952000000000001,84.7,2.8715,24,666,20.2,17.15,19.0
467,4.422280000000001,0.0,18.1,0.0,0.584,6.002999999999999,94.5,2.5403,24,666,20.2,21.32,19.1
468,15.5757,0.0,18.1,0.0,0.58,5.926,71.0,2.9084,24,666,20.2,18.13,19.1
469,13.0751,0.0,18.1,0.0,0.58,5.712999999999999,56.7,2.8237,24,666,20.2,14.76,20.1
470,4.34879,0.0,18.1,0.0,0.58,6.167000000000001,84.0,3.0334,24,666,20.2,16.29,19.9
471,4.03841,0.0,18.1,0.0,0.532,6.229,90.7,3.0993,24,666,20.2,12.87,19.6
472,3.56868,0.0,18.1,0.0,0.58,6.437,75.0,2.8965,24,666,20.2,14.36,23.2
473,4.64689,0.0,18.1,0.0,0.614,6.98,67.6,2.5329,24,666,20.2,,29.8
474,8.05579,0.0,18.1,0.0,0.584,5.4270000000000005,95.4,2.4298,24,666,20.2,18.14,13.8
475,6.39312,0.0,18.1,0.0,0.584,6.162000000000001,97.4,2.206,24,666,20.2,24.1,13.3
476,4.87141,0.0,18.1,0.0,0.614,6.484,93.6,2.3053,24,666,20.2,18.68,16.7
477,15.0234,0.0,18.1,0.0,0.614,5.303999999999999,97.3,2.1007,24,666,20.2,24.91,12.0
478,10.232999999999999,0.0,18.1,0.0,0.614,6.185,96.7,2.1705,24,666,20.2,18.03,14.6
479,14.3337,0.0,18.1,,0.614,6.229,88.0,1.9512,24,666,20.2,13.11,21.4
480,5.8240099999999995,0.0,18.1,0.0,0.532,6.242000000000001,64.7,3.4242,24,666,20.2,10.74,23.0
481,5.7081800000000005,0.0,18.1,0.0,0.532,6.75,74.9,3.3317,24,666,20.2,7.74,23.7
482,5.73116,0.0,18.1,,0.532,7.061,77.0,3.4106,24,666,20.2,7.01,25.0
483,2.81838,0.0,18.1,0.0,0.532,5.7620000000000005,40.3,4.0983,24,666,20.2,10.42,21.8
484,2.37857,0.0,18.1,0.0,0.583,5.871,41.9,3.7239999999999998,24,666,20.2,13.34,20.6
485,3.6736699999999995,0.0,18.1,0.0,0.583,6.312,51.9,3.9917,24,666,20.2,10.58,21.2
486,5.69175,0.0,18.1,0.0,0.583,6.114,79.8,3.5459,24,666,20.2,14.98,19.1
487,4.8356699999999995,0.0,18.1,0.0,0.583,5.905,53.2,3.1523,24,666,20.2,11.45,20.6
488,0.15086,0.0,27.74,0.0,0.609,5.454,92.7,1.8209,4,711,20.1,18.06,15.2
489,0.18337,0.0,27.74,0.0,0.609,5.414,98.3,1.7554,4,711,20.1,23.97,7.0
490,0.20745999999999998,0.0,27.74,0.0,0.609,5.093,98.0,1.8226,4,711,20.1,29.68,8.1
491,0.10574000000000001,0.0,27.74,0.0,0.609,5.983,98.8,1.8681,4,711,20.1,18.07,13.6
492,0.11132,0.0,27.74,0.0,0.609,5.983,83.5,2.1099,4,711,20.1,13.35,20.1
493,0.17331,0.0,9.69,0.0,0.585,5.707000000000001,54.0,2.3817,6,391,19.2,12.01,21.8
494,0.27957,0.0,9.69,0.0,0.585,5.926,42.6,2.3817,6,391,19.2,13.59,24.5
495,0.17899,0.0,9.69,0.0,0.585,5.67,28.8,2.7986,6,391,19.2,17.6,23.1
496,0.2896,0.0,9.69,0.0,0.585,5.39,72.9,2.7986,6,391,19.2,21.14,19.7
497,0.26838,0.0,9.69,0.0,0.585,5.794,70.6,2.8927,6,391,19.2,14.1,18.3
498,0.23911999999999997,0.0,9.69,0.0,0.585,6.019,65.3,2.4091,6,391,19.2,12.92,21.2
499,0.17783,0.0,9.69,0.0,0.585,5.569,73.5,2.3999,6,391,19.2,15.1,17.5
500,0.22438000000000002,0.0,9.69,0.0,0.585,6.027,79.7,2.4982,6,391,19.2,14.33,16.8
501,0.06262999999999999,0.0,11.93,0.0,0.573,6.593,69.1,2.4786,1,273,21.0,,22.4
502,0.04527,0.0,11.93,0.0,0.573,6.12,76.7,2.2875,1,273,21.0,9.08,20.6
503,0.06076,0.0,11.93,0.0,0.573,6.976,91.0,2.1675,1,273,21.0,5.64,23.9
504,0.10959,0.0,11.93,0.0,0.573,6.794,89.3,2.3889,1,273,21.0,6.48,22.0
505,0.04741,0.0,11.93,0.0,0.573,6.03,,2.505,1,273,21.0,7.88,11.9
